url	title
https://michalsiboni.co.il/wp-content/uploads/2025/05/לוגו.png	לוגו
https://michalsiboni.co.il/wp-content/uploads/2025/05/לוגו-גדול-scaled.png	לוגו גדול
https://michalsiboni.co.il/wp-content/uploads/2025/05/Frame-5.svg	Frame 5
https://michalsiboni.co.il/wp-content/uploads/2025/05/שכבת-השחרה-לקאבר-ראשי-1.png	שכבת השחרה לקאבר ראשי
https://michalsiboni.co.il/wp-content/uploads/2025/05/תמונה-לקאבר-ראשי-1.png	תמונה לקאבר ראשי
https://michalsiboni.co.il/wp-content/uploads/2025/05/לוגו-אפור.png	לוגו אפור
https://michalsiboni.co.il/wp-content/uploads/2025/05/לוגו-חום.png	לוגו חום
https://michalsiboni.co.il/wp-content/uploads/2025/05/תמונה-פוסט-1-בלוג-1.png	תמונה פוסט 1 בלוג (1)
https://michalsiboni.co.il/wp-content/uploads/2025/05/תמונה-פוסט-2-בלוג.png	תמונה פוסט 2 בלוג
https://michalsiboni.co.il/wp-content/uploads/2025/05/תמונה-פוסט-3-בלוג.png	תמונה פוסט 3 בלוג
https://michalsiboni.co.il/wp-content/uploads/2025/05/information.svg	information
https://michalsiboni.co.il/wp-content/uploads/2025/05/תמונת-פוסט-מירי-רוזמן-1.png	תמונת פוסט מירי רוזמן
https://michalsiboni.co.il/wp-content/uploads/2025/05/תמונת-פוסט-שרה-ב.png	תמונת פוסט שרה ב
https://michalsiboni.co.il/wp-content/uploads/2025/05/תמונה-לקאבר-ראשי-מולטיפליי.png	תמונה לקאבר ראשי-מולטיפליי
https://michalsiboni.co.il/wp-content/uploads/2025/05/תמונת-רקע-לפוטר.png	תמונת רקע לפוטר
https://michalsiboni.co.il/wp-content/uploads/2025/05/SVGלוגו-חום.svg	SVGלוגו חום
https://michalsiboni.co.il/wp-content/uploads/2025/05/DSC01467-scaled.jpg	DSC01467
https://michalsiboni.co.il/wp-content/uploads/2025/05/dsc01467_optimized-scaled.jpg	dsc01467_optimized
https://michalsiboni.co.il/wp-content/uploads/2025/05/DSC03554-scaled.jpg	DSC03554
https://michalsiboni.co.il/wp-content/uploads/2025/05/DSC03554_1-scaled.jpg	DSC03554_1
https://michalsiboni.co.il/wp-content/uploads/2025/05/חבילה-קלאסית.png	חבילה קלאסית
https://michalsiboni.co.il/wp-content/uploads/2025/05/חבילת-מיני.png	חבילת מיני
https://michalsiboni.co.il/wp-content/uploads/2025/05/חבילה-מפנקת.png	חבילה מפנקת
https://michalsiboni.co.il/wp-content/uploads/2025/05/Ellipse-16.png	Ellipse 16
https://michalsiboni.co.il/wp-content/uploads/2025/05/Ellipse-5.png	Ellipse 5
https://michalsiboni.co.il/wp-content/uploads/2025/05/Ellipse-5-1.png	Ellipse 5
https://michalsiboni.co.il/wp-content/uploads/2025/05/Ellipse-18.png	Ellipse 18
https://michalsiboni.co.il/wp-content/uploads/2025/05/Ellipse-15.png	Ellipse 15
https://michalsiboni.co.il/wp-content/uploads/2025/05/DSC04491-scaled.jpg	DSC04491
https://michalsiboni.co.il/wp-content/uploads/2025/05/DSC05775-scaled.jpg	DSC05775
https://michalsiboni.co.il/wp-content/uploads/2025/05/DSC05788-scaled.jpg	DSC05788
https://michalsiboni.co.il/wp-content/uploads/2025/05/עם-scaled.jpg	עם
https://michalsiboni.co.il/wp-content/uploads/2025/05/חץ-לשרותים.svg	חץ לשרותים
https://michalsiboni.co.il/wp-content/uploads/2025/05/DSC02419-scaled.jpg	DSC02419
https://michalsiboni.co.il/wp-content/uploads/2025/05/DSC04088-scaled.jpg	DSC04088
https://michalsiboni.co.il/wp-content/uploads/2025/05/DSC02597-scaled.jpg	DSC02597
https://michalsiboni.co.il/wp-content/uploads/2025/05/DSC09013-1-scaled.jpg	DSC09013
https://michalsiboni.co.il/wp-content/uploads/2025/05/ו-1-scaled.jpg	ו
https://michalsiboni.co.il/wp-content/uploads/2025/05/777-scaled.jpg	777
https://michalsiboni.co.il/wp-content/uploads/2025/05/DSC01673-scaled.jpg	DSC01673
https://michalsiboni.co.il/wp-content/uploads/2025/05/DSC04181-scaled.jpg	DSC04181
https://michalsiboni.co.il/wp-content/uploads/2025/05/DSC06825-scaled.jpg	DSC06825
https://michalsiboni.co.il/wp-content/uploads/2025/05/DSC08617-scaled.jpg	DSC08617
https://michalsiboni.co.il/wp-content/uploads/2025/05/DSC08770-scaled.jpg	DSC08770
https://michalsiboni.co.il/wp-content/uploads/2025/05/לוגו-scaled.jpg	לוגו
https://michalsiboni.co.il/wp-content/uploads/2025/05/מטריף-scaled.jpg	מטריף
https://michalsiboni.co.il/wp-content/uploads/2025/06/777_optimized-scaled.jpg	777_optimized
https://michalsiboni.co.il/wp-content/uploads/2025/06/13345_optimized-scaled.jpg	13345_optimized
https://michalsiboni.co.il/wp-content/uploads/2025/06/dsc00382_optimized-scaled.jpg	dsc00382_optimized
https://michalsiboni.co.il/wp-content/uploads/2025/06/dsc00461_optimized-scaled.jpg	dsc00461_optimized
https://michalsiboni.co.il/wp-content/uploads/2025/06/dsc00472_optimized-scaled.jpg	dsc00472_optimized
https://michalsiboni.co.il/wp-content/uploads/2025/06/dsc00628_optimized-scaled.jpg	dsc00628_optimized
https://michalsiboni.co.il/wp-content/uploads/2025/06/dsc00488_optimized-scaled.jpg	dsc00488_optimized
https://michalsiboni.co.il/wp-content/uploads/2025/06/dsc00652_optimized-scaled.jpg	dsc00652_optimized
https://michalsiboni.co.il/wp-content/uploads/2025/06/dsc00502_optimized-scaled.jpg	dsc00502_optimized
https://michalsiboni.co.il/wp-content/uploads/2025/06/dsc01814_optimized-scaled.jpg	dsc01814_optimized
https://michalsiboni.co.il/wp-content/uploads/2025/06/dsc00380_optimized-scaled.jpg	dsc00380_optimized
https://michalsiboni.co.il/wp-content/uploads/2025/06/dsc00503_optimized-scaled.jpg	dsc00503_optimized
https://michalsiboni.co.il/wp-content/uploads/2025/06/dsc03459_optimized-scaled.jpg	dsc03459_optimized
https://michalsiboni.co.il/wp-content/uploads/2025/06/dsc01484_optimized-scaled.jpg	dsc01484_optimized
https://michalsiboni.co.il/wp-content/uploads/2025/06/dsc03461_optimized-scaled.jpg	dsc03461_optimized
https://michalsiboni.co.il/wp-content/uploads/2025/06/dsc00504_optimized-scaled.jpg	dsc00504_optimized
https://michalsiboni.co.il/wp-content/uploads/2025/06/dsc01514_optimized-scaled.jpg	dsc01514_optimized
https://michalsiboni.co.il/wp-content/uploads/2025/06/dsc04393_optimized-scaled.jpg	dsc04393_optimized
https://michalsiboni.co.il/wp-content/uploads/2025/06/dsc00521_optimized-scaled.jpg	dsc00521_optimized
https://michalsiboni.co.il/wp-content/uploads/2025/06/dsc02345_optimized-scaled.jpg	dsc02345_optimized
https://michalsiboni.co.il/wp-content/uploads/2025/06/dsc04417_optimized-scaled.jpg	dsc04417_optimized
https://michalsiboni.co.il/wp-content/uploads/2025/06/dsc00525_optimized-scaled.jpg	dsc00525_optimized
https://michalsiboni.co.il/wp-content/uploads/2025/06/dsc02406_optimized-scaled.jpg	dsc02406_optimized
https://michalsiboni.co.il/wp-content/uploads/2025/06/dsc04491_optimized-scaled.jpg	dsc04491_optimized
https://michalsiboni.co.il/wp-content/uploads/2025/06/dsc00900_optimized-scaled.jpg	dsc00900_optimized
https://michalsiboni.co.il/wp-content/uploads/2025/06/dsc02409_optimized-scaled.jpg	dsc02409_optimized
https://michalsiboni.co.il/wp-content/uploads/2025/06/dsc04508_optimized-scaled.jpg	dsc04508_optimized
https://michalsiboni.co.il/wp-content/uploads/2025/06/dsc00967_optimized-scaled.jpg	dsc00967_optimized
https://michalsiboni.co.il/wp-content/uploads/2025/06/dsc02419_optimized-scaled.jpg	dsc02419_optimized
https://michalsiboni.co.il/wp-content/uploads/2025/06/dsc04580_optimized-scaled.jpg	dsc04580_optimized
https://michalsiboni.co.il/wp-content/uploads/2025/06/dsc00975_optimized-scaled.jpg	dsc00975_optimized
https://michalsiboni.co.il/wp-content/uploads/2025/06/dsc02456_optimized-scaled.jpg	dsc02456_optimized
https://michalsiboni.co.il/wp-content/uploads/2025/06/dsc02498_optimized-scaled.jpg	dsc02498_optimized
https://michalsiboni.co.il/wp-content/uploads/2025/06/dsc04972הההה_optimized-scaled.jpg	dsc04972הההה_optimized
https://michalsiboni.co.il/wp-content/uploads/2025/06/dsc01182_optimized-scaled.jpg	dsc01182_optimized
https://michalsiboni.co.il/wp-content/uploads/2025/06/dsc02570_optimized-scaled.jpg	dsc02570_optimized
https://michalsiboni.co.il/wp-content/uploads/2025/06/dsc01210_optimized-scaled.jpg	dsc01210_optimized
https://michalsiboni.co.il/wp-content/uploads/2025/06/dsc05239_optimized-scaled.jpg	dsc05239_optimized
https://michalsiboni.co.il/wp-content/uploads/2025/06/dsc02585_optimized-scaled.jpg	dsc02585_optimized
https://michalsiboni.co.il/wp-content/uploads/2025/06/dsc01246_optimized-scaled.jpg	dsc01246_optimized
https://michalsiboni.co.il/wp-content/uploads/2025/06/dsc05441_optimized-scaled.jpg	dsc05441_optimized
https://michalsiboni.co.il/wp-content/uploads/2025/06/dsc02597_optimized-scaled.jpg	dsc02597_optimized
https://michalsiboni.co.il/wp-content/uploads/2025/06/dsc01306_optimized-scaled.jpg	dsc01306_optimized
https://michalsiboni.co.il/wp-content/uploads/2025/06/dsc05453_optimized-scaled.jpg	dsc05453_optimized
https://michalsiboni.co.il/wp-content/uploads/2025/06/dsc01367_optimized-scaled.jpg	dsc01367_optimized
https://michalsiboni.co.il/wp-content/uploads/2025/06/dsc05510_optimized-scaled.jpg	dsc05510_optimized
https://michalsiboni.co.il/wp-content/uploads/2025/06/dsc01424_optimized-scaled.jpg	dsc01424_optimized
https://michalsiboni.co.il/wp-content/uploads/2025/06/dsc05532_optimized-scaled.jpg	dsc05532_optimized
https://michalsiboni.co.il/wp-content/uploads/2025/06/dsc03554_optimized-scaled.jpg	dsc03554_optimized
https://michalsiboni.co.il/wp-content/uploads/2025/06/dsc01427_optimized-scaled.jpg	dsc01427_optimized
https://michalsiboni.co.il/wp-content/uploads/2025/06/dsc05548_optimized-scaled.jpg	dsc05548_optimized
https://michalsiboni.co.il/wp-content/uploads/2025/06/dsc03631_optimized-scaled.jpg	dsc03631_optimized
https://michalsiboni.co.il/wp-content/uploads/2025/06/dsc01467_optimized-scaled.jpg	dsc01467_optimized
https://michalsiboni.co.il/wp-content/uploads/2025/06/dsc05775_optimized-scaled.jpg	dsc05775_optimized
https://michalsiboni.co.il/wp-content/uploads/2025/06/dsc03989_optimized-scaled.jpg	dsc03989_optimized
https://michalsiboni.co.il/wp-content/uploads/2025/06/dsc01477_optimized-scaled.jpg	dsc01477_optimized
https://michalsiboni.co.il/wp-content/uploads/2025/06/dsc04088_optimized-scaled.jpg	dsc04088_optimized
https://michalsiboni.co.il/wp-content/uploads/2025/06/dsc05788_optimized-scaled.jpg	dsc05788_optimized
https://michalsiboni.co.il/wp-content/uploads/2025/06/dsc01523_optimized-scaled.jpg	dsc01523_optimized
https://michalsiboni.co.il/wp-content/uploads/2025/06/dsc04141_optimized-scaled.jpg	dsc04141_optimized
https://michalsiboni.co.il/wp-content/uploads/2025/06/dsc01537_optimized-scaled.jpg	dsc01537_optimized
https://michalsiboni.co.il/wp-content/uploads/2025/06/dsc04166_optimized-scaled.jpg	dsc04166_optimized
https://michalsiboni.co.il/wp-content/uploads/2025/06/dsc08780_optimized-scaled.jpg	dsc08780_optimized
https://michalsiboni.co.il/wp-content/uploads/2025/06/dsc01597_optimized-scaled.jpg	dsc01597_optimized
https://michalsiboni.co.il/wp-content/uploads/2025/06/dsc04418_optimized-scaled.jpg	dsc04418_optimized
https://michalsiboni.co.il/wp-content/uploads/2025/06/dsc08871_optimized-scaled.jpg	dsc08871_optimized
https://michalsiboni.co.il/wp-content/uploads/2025/06/dsc01673_optimized-scaled.jpg	dsc01673_optimized
https://michalsiboni.co.il/wp-content/uploads/2025/06/dsc04718_optimized-scaled.jpg	dsc04718_optimized
https://michalsiboni.co.il/wp-content/uploads/2025/06/dsc08926_optimized-scaled.jpg	dsc08926_optimized
https://michalsiboni.co.il/wp-content/uploads/2025/06/dsc04728_optimized-scaled.jpg	dsc04728_optimized
https://michalsiboni.co.il/wp-content/uploads/2025/06/dsc01689_optimized-scaled.jpg	dsc01689_optimized
https://michalsiboni.co.il/wp-content/uploads/2025/06/dsc09013_optimized-scaled.jpg	dsc09013_optimized
https://michalsiboni.co.il/wp-content/uploads/2025/06/dsc04740_optimized-scaled.jpg	dsc04740_optimized
https://michalsiboni.co.il/wp-content/uploads/2025/06/dsc09133_optimized-scaled.jpg	dsc09133_optimized
https://michalsiboni.co.il/wp-content/uploads/2025/06/dsc02946_optimized-scaled.jpg	dsc02946_optimized
https://michalsiboni.co.il/wp-content/uploads/2025/06/dsc07818_optimized-scaled.jpg	dsc07818_optimized
https://michalsiboni.co.il/wp-content/uploads/2025/06/dsc09136_optimized-scaled.jpg	dsc09136_optimized
https://michalsiboni.co.il/wp-content/uploads/2025/06/dsc03026_optimized-scaled.jpg	dsc03026_optimized
https://michalsiboni.co.il/wp-content/uploads/2025/06/dsc08096_optimized-scaled.jpg	dsc08096_optimized
https://michalsiboni.co.il/wp-content/uploads/2025/06/dsc09164_optimized-scaled.jpg	dsc09164_optimized
https://michalsiboni.co.il/wp-content/uploads/2025/06/dsc03058_optimized-scaled.jpg	dsc03058_optimized
https://michalsiboni.co.il/wp-content/uploads/2025/06/dsc08131_optimized-scaled.jpg	dsc08131_optimized
https://michalsiboni.co.il/wp-content/uploads/2025/06/בלי-לוגו_optimized-scaled.jpg	בלי-לוגו_optimized
https://michalsiboni.co.il/wp-content/uploads/2025/06/dsc03128_optimized-scaled.jpg	dsc03128_optimized
https://michalsiboni.co.il/wp-content/uploads/2025/06/dsc08152_optimized-scaled.jpg	dsc08152_optimized
https://michalsiboni.co.il/wp-content/uploads/2025/06/dsc03147_optimized-scaled.jpg	dsc03147_optimized
https://michalsiboni.co.il/wp-content/uploads/2025/06/ג_optimized-scaled.jpg	ג_optimized
https://michalsiboni.co.il/wp-content/uploads/2025/06/dsc08474_optimized-scaled.jpg	dsc08474_optimized
https://michalsiboni.co.il/wp-content/uploads/2025/06/dsc03185_optimized-scaled.jpg	dsc03185_optimized
https://michalsiboni.co.il/wp-content/uploads/2025/06/גגגג_optimized-scaled.jpg	גגגג_optimized
https://michalsiboni.co.il/wp-content/uploads/2025/06/dsc08532_optimized-scaled.jpg	dsc08532_optimized
https://michalsiboni.co.il/wp-content/uploads/2025/06/dsc03196_optimized-scaled.jpg	dsc03196_optimized
https://michalsiboni.co.il/wp-content/uploads/2025/06/ו_optimized-scaled.jpg	ו_optimized
https://michalsiboni.co.il/wp-content/uploads/2025/06/dsc08541_optimized-scaled.jpg	dsc08541_optimized
https://michalsiboni.co.il/wp-content/uploads/2025/06/dsc03228_optimized-scaled.jpg	dsc03228_optimized
https://michalsiboni.co.il/wp-content/uploads/2025/06/עם_optimized-scaled.jpg	עם_optimized
https://michalsiboni.co.il/wp-content/uploads/2025/06/dsc03315_optimized-scaled.jpg	dsc03315_optimized
https://michalsiboni.co.il/wp-content/uploads/2025/06/עם-לו_optimized-scaled.jpg	עם-לו_optimized
https://michalsiboni.co.il/wp-content/uploads/2025/06/dsc03442_optimized-scaled.jpg	dsc03442_optimized
https://michalsiboni.co.il/wp-content/uploads/2025/06/dsc08628_optimized-scaled.png	dsc08628_optimized
https://michalsiboni.co.il/wp-content/uploads/2025/06/dsc03632_optimized-scaled.jpg	dsc03632_optimized
https://michalsiboni.co.il/wp-content/uploads/2025/06/dsc03643_optimized-scaled.jpg	dsc03643_optimized
https://michalsiboni.co.il/wp-content/uploads/2025/06/dsc03653_optimized-scaled.jpg	dsc03653_optimized
https://michalsiboni.co.il/wp-content/uploads/2025/06/dsc03786_optimized-scaled.jpg	dsc03786_optimized
https://michalsiboni.co.il/wp-content/uploads/2025/06/dsc03850_optimized-scaled.jpg	dsc03850_optimized
https://michalsiboni.co.il/wp-content/uploads/2025/06/dsc04158_optimized-scaled.jpg	dsc04158_optimized
https://michalsiboni.co.il/wp-content/uploads/2025/06/dsc04181_optimized-scaled.jpg	dsc04181_optimized
https://michalsiboni.co.il/wp-content/uploads/2025/06/dsc04565_optimized-scaled.jpg	dsc04565_optimized
https://michalsiboni.co.il/wp-content/uploads/2025/06/dsc06563_optimized-scaled.jpg	dsc06563_optimized
https://michalsiboni.co.il/wp-content/uploads/2025/06/dsc06632_optimized-scaled.jpg	dsc06632_optimized
https://michalsiboni.co.il/wp-content/uploads/2025/06/dsc06723_optimized-scaled.jpg	dsc06723_optimized
https://michalsiboni.co.il/wp-content/uploads/2025/06/dsc06776_optimized-scaled.jpg	dsc06776_optimized
https://michalsiboni.co.il/wp-content/uploads/2025/06/dsc06825_optimized-scaled.jpg	dsc06825_optimized
https://michalsiboni.co.il/wp-content/uploads/2025/06/dsc06876_optimized-scaled.jpg	dsc06876_optimized
https://michalsiboni.co.il/wp-content/uploads/2025/06/dsc07052_optimized-scaled.jpg	dsc07052_optimized
https://michalsiboni.co.il/wp-content/uploads/2025/06/dsc08108_optimized-scaled.jpg	dsc08108_optimized
https://michalsiboni.co.il/wp-content/uploads/2025/06/dsc08633_optimized-scaled.png	dsc08633_optimized
https://michalsiboni.co.il/wp-content/uploads/2025/06/dsc08521_optimized-scaled.jpg	dsc08521_optimized
https://michalsiboni.co.il/wp-content/uploads/2025/06/dsc08617_optimized-scaled.jpg	dsc08617_optimized
https://michalsiboni.co.il/wp-content/uploads/2025/06/dsc08770_optimized-scaled.jpg	dsc08770_optimized
https://michalsiboni.co.il/wp-content/uploads/2025/06/dsc08923_optimized-scaled.jpg	dsc08923_optimized
https://michalsiboni.co.il/wp-content/uploads/2025/06/dsc08949_optimized-scaled.jpg	dsc08949_optimized
https://michalsiboni.co.il/wp-content/uploads/2025/06/dsc09140_optimized-scaled.jpg	dsc09140_optimized
https://michalsiboni.co.il/wp-content/uploads/2025/06/dsc09766_optimized-scaled.jpg	dsc09766_optimized
https://michalsiboni.co.il/wp-content/uploads/2025/06/logo_optimized-scaled.jpg	logo_optimized
https://michalsiboni.co.il/wp-content/uploads/2025/06/התאומות-שלי-1_optimized-scaled.jpg	התאומות-שלי-(1)_optimized
https://michalsiboni.co.il/wp-content/uploads/2025/06/dsc09606_optimized-scaled.jpg	dsc09606_optimized
https://michalsiboni.co.il/wp-content/uploads/2025/06/התאומות-שלי_optimized-scaled.jpg	התאומות-שלי_optimized
https://michalsiboni.co.il/wp-content/uploads/2025/06/dsc09757_optimized-scaled.jpg	dsc09757_optimized
https://michalsiboni.co.il/wp-content/uploads/2025/06/dsc09758_optimized-scaled.jpg	dsc09758_optimized
https://michalsiboni.co.il/wp-content/uploads/2025/06/חתוך_optimized-scaled.jpg	חתוך_optimized
https://michalsiboni.co.il/wp-content/uploads/2025/06/dsc09779_optimized-scaled.jpg	dsc09779_optimized
https://michalsiboni.co.il/wp-content/uploads/2025/06/לוגו_optimized-scaled.jpg	לוגו_optimized
https://michalsiboni.co.il/wp-content/uploads/2025/06/dsc09818_optimized-scaled.jpg	dsc09818_optimized
https://michalsiboni.co.il/wp-content/uploads/2025/06/מואר-וחתוך_optimized-scaled.jpg	מואר-וחתוך_optimized
https://michalsiboni.co.il/wp-content/uploads/2025/06/מטריף_optimized-scaled.jpg	מטריף_optimized
https://michalsiboni.co.il/wp-content/uploads/2025/06/מעובדת_optimized-scaled.jpg	מעובדת_optimized
https://michalsiboni.co.il/wp-content/uploads/2025/06/משודרג-לאדרת_optimized-scaled.jpg	משודרג-לאדרת_optimized
https://michalsiboni.co.il/wp-content/uploads/2025/06/עם-לוגו_optimized-scaled.jpg	עם-לוגו_optimized
https://michalsiboni.co.il/wp-content/uploads/2025/06/עו-scaled.jpg	עו
https://michalsiboni.co.il/wp-content/uploads/2025/06/סופי-scaled.jpg	סופי
https://michalsiboni.co.il/wp-content/uploads/2025/06/חמניות-scaled.jpg	חמניות
https://michalsiboni.co.il/wp-content/uploads/2025/06/Group-626222-1.png	Group 626222 (1)
https://michalsiboni.co.il/wp-content/uploads/2025/06/Group-626223.png	Group 626223
https://michalsiboni.co.il/wp-content/uploads/2025/06/Group-626224.png	Group 626224
https://michalsiboni.co.il/wp-content/uploads/2025/06/Group-626225.png	Group 626225
https://michalsiboni.co.il/wp-content/uploads/2025/06/Group-626227.png	Group 626227
https://michalsiboni.co.il/wp-content/uploads/2025/06/Group-626228.png	Group 626228
https://michalsiboni.co.il/wp-content/uploads/2025/05/Vector-1.png	Vector (1)
https://michalsiboni.co.il/wp-content/uploads/2025/06/Group-626237.png	Group 626237
https://michalsiboni.co.il/wp-content/uploads/2025/06/Ellipse-18.png	Ellipse 18
https://michalsiboni.co.il/wp-content/uploads/2025/06/Ellipse-5.png	Ellipse 5
https://michalsiboni.co.il/wp-content/uploads/2025/06/Ellipse-16.png	Ellipse 16
https://michalsiboni.co.il/wp-content/uploads/2025/06/Ellipse-14.png	Ellipse 14
https://michalsiboni.co.il/wp-content/uploads/2025/06/Ellipse-15.png	Ellipse 15
https://michalsiboni.co.il/wp-content/uploads/2025/06/Line-4.svg	Line 4
https://michalsiboni.co.il/wp-content/uploads/2025/06/unnamed-8.png	unnamed (8)
https://michalsiboni.co.il/wp-content/uploads/2025/06/unnamed-5.png	unnamed (5)
https://michalsiboni.co.il/wp-content/uploads/2025/06/unnamed-10.png	unnamed (10)
https://michalsiboni.co.il/wp-content/uploads/2025/06/unnamed-10-1.png	unnamed (10)
https://michalsiboni.co.il/wp-content/uploads/2025/06/unnamed-7.png	unnamed (7)
https://michalsiboni.co.il/wp-content/uploads/2025/06/unnamed-2.png	unnamed (2)
https://michalsiboni.co.il/wp-content/uploads/2025/06/unnamed-3.png	unnamed (3)
https://michalsiboni.co.il/wp-content/uploads/2025/06/unnamed-1.png	unnamed (1)
https://michalsiboni.co.il/wp-content/uploads/2025/06/unnamed-4.png	unnamed (4)
https://michalsiboni.co.il/wp-content/uploads/2025/06/unnamed-9.png	unnamed (9)
https://michalsiboni.co.il/wp-content/uploads/2025/06/unnamed-6.png	unnamed (6)
https://michalsiboni.co.il/wp-content/uploads/2025/05/Frame-5-1.svg	Frame 5
https://michalsiboni.co.il/wp-content/uploads/2025/06/image-2.png	image (2)
https://michalsiboni.co.il/wp-content/uploads/2025/06/תמונה-3.png	תמונה 3
https://michalsiboni.co.il/wp-content/uploads/2025/06/תמונה-2.png	תמונה 2
https://michalsiboni.co.il/wp-content/uploads/2025/06/תמונה-1.png	תמונה 1
https://michalsiboni.co.il/wp-content/uploads/2025/06/Group-626223-1.png	Group 626223
https://michalsiboni.co.il/wp-content/uploads/2025/06/1-scaled.jpg	1
https://michalsiboni.co.il/wp-content/uploads/2025/06/2-scaled.jpg	2
https://michalsiboni.co.il/wp-content/uploads/2025/06/DSC09842-scaled.jpg	DSC09842
https://michalsiboni.co.il/wp-content/uploads/2025/06/dsc04158_optimized-1-scaled.jpg	dsc04158_optimized
https://michalsiboni.co.il/wp-content/uploads/2025/06/dsc05441_optimized-1-scaled.jpg	dsc05441_optimized
https://michalsiboni.co.il/wp-content/uploads/2025/06/dsc09757_optimized-1-scaled.jpg	dsc09757_optimized
https://michalsiboni.co.il/wp-content/uploads/2025/06/1-1-scaled.jpg	1
https://michalsiboni.co.il/wp-content/uploads/2025/06/2-1-scaled.jpg	2
https://michalsiboni.co.il/wp-content/uploads/2025/06/dsc04158_optimized-2-scaled.jpg	dsc04158_optimized
https://michalsiboni.co.il/wp-content/uploads/2025/06/לוגו_optimized-1-scaled.jpg	לוגו_optimized
https://michalsiboni.co.il/wp-content/uploads/2025/06/DSC00793-scaled.jpg	DSC00793
https://michalsiboni.co.il/wp-content/uploads/2025/06/Group-626259-1.png	Group 626259 (1)
https://michalsiboni.co.il/wp-content/uploads/2025/06/1.png	1
https://michalsiboni.co.il/wp-content/uploads/2025/06/DSC02503.png	DSC02503
https://michalsiboni.co.il/wp-content/uploads/2025/06/dsc03989_optimized-1-scaled.jpg	dsc03989_optimized
https://michalsiboni.co.il/wp-content/uploads/2025/06/dsc04088_optimized-1-scaled.jpg	dsc04088_optimized
https://michalsiboni.co.il/wp-content/uploads/2025/06/dsc04141_optimized-1-scaled.jpg	dsc04141_optimized
https://michalsiboni.co.il/wp-content/uploads/2025/06/dsc04166_optimized-1-scaled.jpg	dsc04166_optimized
https://michalsiboni.co.il/wp-content/uploads/2025/06/dsc04418_optimized-1-scaled.jpg	dsc04418_optimized
https://michalsiboni.co.il/wp-content/uploads/2025/06/dsc09758_optimized-1-scaled.jpg	dsc09758_optimized
https://michalsiboni.co.il/wp-content/uploads/2025/06/dsc09773_optimized-scaled.jpg	dsc09773_optimized
https://michalsiboni.co.il/wp-content/uploads/2025/06/dsc09779_optimized-1-scaled.jpg	dsc09779_optimized
https://michalsiboni.co.il/wp-content/uploads/2025/06/dsc09798_optimized-scaled.jpg	dsc09798_optimized
https://michalsiboni.co.il/wp-content/uploads/2025/06/dsc09818_optimized-1-scaled.jpg	dsc09818_optimized
https://michalsiboni.co.il/wp-content/uploads/2025/06/dsc09825_optimized-scaled.jpg	dsc09825_optimized
https://michalsiboni.co.il/wp-content/uploads/2025/06/dsc09842_optimized-scaled.jpg	dsc09842_optimized
https://michalsiboni.co.il/wp-content/uploads/2025/06/dsc00461_optimized-1-scaled.jpg	dsc00461_optimized
https://michalsiboni.co.il/wp-content/uploads/2025/06/dsc00472_optimized-1-scaled.jpg	dsc00472_optimized
https://michalsiboni.co.il/wp-content/uploads/2025/06/dsc00488_optimized-1-scaled.jpg	dsc00488_optimized
https://michalsiboni.co.il/wp-content/uploads/2025/06/dsc00502_optimized-1-scaled.jpg	dsc00502_optimized
https://michalsiboni.co.il/wp-content/uploads/2025/06/dsc00503_optimized-1-scaled.jpg	dsc00503_optimized
https://michalsiboni.co.il/wp-content/uploads/2025/06/dsc00504_optimized-1-scaled.jpg	dsc00504_optimized
https://michalsiboni.co.il/wp-content/uploads/2025/06/dsc00521_optimized-1-scaled.jpg	dsc00521_optimized
https://michalsiboni.co.il/wp-content/uploads/2025/06/dsc00525_optimized-1-scaled.jpg	dsc00525_optimized
https://michalsiboni.co.il/wp-content/uploads/2025/06/dsc00975_optimized-1-scaled.jpg	dsc00975_optimized
https://michalsiboni.co.il/wp-content/uploads/2025/06/dsc00979_optimized-scaled.jpg	dsc00979_optimized
https://michalsiboni.co.il/wp-content/uploads/2025/06/dsc02416_optimized-2-scaled.jpg	dsc02416_optimized (2)
https://michalsiboni.co.il/wp-content/uploads/2025/06/dsc02551_optimized-1-scaled.jpg	dsc02551_optimized (1)
https://michalsiboni.co.il/wp-content/uploads/2025/06/dsc02566_optimized-scaled.jpg	dsc02566_optimized
https://michalsiboni.co.il/wp-content/uploads/2025/06/dsc02503_optimized-scaled.jpg	dsc02503_optimized
https://michalsiboni.co.il/wp-content/uploads/2025/06/dsc03391_optimized-scaled.jpg	dsc03391_optimized
https://michalsiboni.co.il/wp-content/uploads/2025/06/dsc04559_optimized-scaled.jpg	dsc04559_optimized
https://michalsiboni.co.il/wp-content/uploads/2025/06/dsc04823_optimized-scaled.jpg	dsc04823_optimized
https://michalsiboni.co.il/wp-content/uploads/2025/06/dsc05079_optimized-scaled.jpg	dsc05079_optimized
https://michalsiboni.co.il/wp-content/uploads/2025/06/dsc05150_optimized-scaled.jpg	dsc05150_optimized
https://michalsiboni.co.il/wp-content/uploads/2025/06/dsc05239_optimized-1-scaled.jpg	dsc05239_optimized
https://michalsiboni.co.il/wp-content/uploads/2025/06/dsc08764_optimized-scaled.jpg	dsc08764_optimized
https://michalsiboni.co.il/wp-content/uploads/2025/06/dsc08871_optimized-1-scaled.jpg	dsc08871_optimized
https://michalsiboni.co.il/wp-content/uploads/2025/06/dsc09688_optimized-scaled.jpg	dsc09688_optimized
https://michalsiboni.co.il/wp-content/uploads/2025/06/dsc09689_optimized-scaled.jpg	dsc09689_optimized
https://michalsiboni.co.il/wp-content/uploads/2025/06/dsc09715_optimized-scaled.jpg	dsc09715_optimized
https://michalsiboni.co.il/wp-content/uploads/2025/06/dsc09724_optimized-scaled.jpg	dsc09724_optimized
https://michalsiboni.co.il/wp-content/uploads/2025/06/בלי-לוגו_optimized-1-scaled.jpg	בלי-לוגו_optimized
https://michalsiboni.co.il/wp-content/uploads/2025/06/dsc00613_optimized-scaled.jpg	dsc00613_optimized
https://michalsiboni.co.il/wp-content/uploads/2025/06/dsc00652_optimized-1-scaled.jpg	dsc00652_optimized
https://michalsiboni.co.il/wp-content/uploads/2025/06/dsc00730_optimized-scaled.jpg	dsc00730_optimized
https://michalsiboni.co.il/wp-content/uploads/2025/06/dsc00774_optimized-scaled.jpg	dsc00774_optimized
https://michalsiboni.co.il/wp-content/uploads/2025/06/dsc00793_optimized-scaled.jpg	dsc00793_optimized
https://michalsiboni.co.il/wp-content/uploads/2025/06/dsc01720_optimized-scaled.jpg	dsc01720_optimized
https://michalsiboni.co.il/wp-content/uploads/2025/06/dsc01814_optimized-1-scaled.jpg	dsc01814_optimized
https://michalsiboni.co.il/wp-content/uploads/2025/06/dsc02416_optimized-scaled.jpg	dsc02416_optimized
https://michalsiboni.co.il/wp-content/uploads/2025/06/dsc02503_optimized-1-scaled.jpg	dsc02503_optimized
https://michalsiboni.co.il/wp-content/uploads/2025/06/dsc02815_optimized-scaled.jpg	dsc02815_optimized
https://michalsiboni.co.il/wp-content/uploads/2025/06/dsc02819_optimized-scaled.jpg	dsc02819_optimized
https://michalsiboni.co.il/wp-content/uploads/2025/06/dsc02867_optimized-scaled.jpg	dsc02867_optimized
https://michalsiboni.co.il/wp-content/uploads/2025/06/dsc02911_optimized-scaled.jpg	dsc02911_optimized
https://michalsiboni.co.il/wp-content/uploads/2025/06/dsc02946_optimized-1-scaled.jpg	dsc02946_optimized
https://michalsiboni.co.il/wp-content/uploads/2025/06/dsc02951_optimized-scaled.jpg	dsc02951_optimized
https://michalsiboni.co.il/wp-content/uploads/2025/06/Group-626266.png	Group 626266
https://michalsiboni.co.il/wp-content/uploads/2025/06/data.json	data
https://michalsiboni.co.il/wp-content/uploads/2025/06/לוגו-1.svg	לוגו
https://michalsiboni.co.il/wp-content/uploads/2025/06/DSC02503-1.png	DSC02503
https://michalsiboni.co.il/wp-content/uploads/2025/06/1-1.png	1
https://michalsiboni.co.il/wp-content/uploads/2025/06/עיכ.gif	עיכ
https://michalsiboni.co.il/wp-content/uploads/2025/06/עיכ-1.gif	עיכ
https://michalsiboni.co.il/wp-content/uploads/2025/06/004_optimized-scaled.jpg	004_optimized
https://michalsiboni.co.il/wp-content/uploads/2025/06/012_optimized-scaled.jpg	012_optimized
https://michalsiboni.co.il/wp-content/uploads/2025/06/013_optimized-scaled.jpg	013_optimized
https://michalsiboni.co.il/wp-content/uploads/2025/06/015_optimized-scaled.jpg	015_optimized
https://michalsiboni.co.il/wp-content/uploads/2025/06/020_optimized-scaled.jpg	020_optimized
https://michalsiboni.co.il/wp-content/uploads/2025/06/024_optimized-scaled.jpg	024_optimized
https://michalsiboni.co.il/wp-content/uploads/2025/06/025_optimized-scaled.jpg	025_optimized
https://michalsiboni.co.il/wp-content/uploads/2025/06/דף-1-1_optimized-scaled.jpg	דף-1-(1)_optimized
https://michalsiboni.co.il/wp-content/uploads/2025/06/דף-1_optimized-scaled.jpg	דף-1_optimized
https://michalsiboni.co.il/wp-content/uploads/2025/06/דף-2-1_optimized-scaled.jpg	דף-2-(1)_optimized
https://michalsiboni.co.il/wp-content/uploads/2025/06/דף-2-2_optimized-scaled.jpg	דף-2-(2)_optimized
https://michalsiboni.co.il/wp-content/uploads/2025/06/דף-2_optimized-scaled.jpg	דף-2_optimized
https://michalsiboni.co.il/wp-content/uploads/2025/06/דף-3-1_optimized-scaled.jpg	דף-3-(1)_optimized
https://michalsiboni.co.il/wp-content/uploads/2025/06/דף-3-2_optimized-scaled.jpg	דף-3-(2)_optimized
https://michalsiboni.co.il/wp-content/uploads/2025/06/דף3_optimized-scaled.jpg	דף3_optimized
https://michalsiboni.co.il/wp-content/uploads/2025/06/דף-3_optimized-scaled.jpg	דף-3_optimized
https://michalsiboni.co.il/wp-content/uploads/2025/06/דף-4_optimized-scaled.jpg	דף-4_optimized
https://michalsiboni.co.il/wp-content/uploads/2025/06/דף-5_optimized-scaled.jpg	דף-5_optimized
https://michalsiboni.co.il/wp-content/uploads/2025/06/דף-6_optimized-scaled.jpg	דף-6_optimized
https://michalsiboni.co.il/wp-content/uploads/2025/06/דף-8_optimized-scaled.jpg	דף-8_optimized
https://michalsiboni.co.il/wp-content/uploads/2025/06/דף-9-1_optimized-scaled.jpg	דף-9-(1)_optimized
https://michalsiboni.co.il/wp-content/uploads/2025/06/דף-9_optimized-scaled.jpg	דף-9_optimized
https://michalsiboni.co.il/wp-content/uploads/2025/06/דף-10_optimized-scaled.jpg	דף-10_optimized
https://michalsiboni.co.il/wp-content/uploads/2025/06/דף-13_optimized-scaled.jpg	דף-13_optimized
https://michalsiboni.co.il/wp-content/uploads/2025/06/דף-14_optimized-scaled.jpg	דף-14_optimized
https://michalsiboni.co.il/wp-content/uploads/2025/06/דף-17_optimized-scaled.jpg	דף-17_optimized
https://michalsiboni.co.il/wp-content/uploads/2025/06/דף-20_optimized-scaled.jpg	דף-20_optimized
https://michalsiboni.co.il/wp-content/uploads/2025/06/דף-חמישי-1_optimized-scaled.jpg	דף-חמישי-(1)_optimized
https://michalsiboni.co.il/wp-content/uploads/2025/06/דף-חמישי_optimized-scaled.jpg	דף-חמישי_optimized
https://michalsiboni.co.il/wp-content/uploads/2025/06/דף-ספרים-בסטודיו_optimized-scaled.jpg	דף-ספרים-בסטודיו_optimized
https://michalsiboni.co.il/wp-content/uploads/2025/06/דף-עם-רימונים_optimized-scaled.jpg	דף-עם-רימונים_optimized
https://michalsiboni.co.il/wp-content/uploads/2025/06/דף-ראשון-1_optimized-scaled.jpg	דף-ראשון-(1)_optimized
https://michalsiboni.co.il/wp-content/uploads/2025/06/דף-ראשון_optimized-scaled.jpg	דף-ראשון_optimized
https://michalsiboni.co.il/wp-content/uploads/2025/06/כריכה-לרוט_optimized-scaled.jpg	כריכה-לרוט_optimized
https://michalsiboni.co.il/wp-content/uploads/2025/06/לייפסטייל-במיטה_optimized-scaled.jpg	לייפסטייל-במיטה_optimized
https://michalsiboni.co.il/wp-content/uploads/2025/06/מאר-בספינה_optimized-scaled.jpg	מאר-בספינה_optimized
https://michalsiboni.co.il/wp-content/uploads/2025/06/נתנאל-ומאיר-לייספטייל_optimized-scaled.jpg	נתנאל-ומאיר-לייספטייל_optimized
https://michalsiboni.co.il/wp-content/uploads/2025/06/עמוד-1_optimized-scaled.jpg	עמוד-1_optimized
https://michalsiboni.co.il/wp-content/uploads/2025/06/עמוד-3_optimized-scaled.jpg	עמוד-3_optimized
https://michalsiboni.co.il/wp-content/uploads/2025/06/001_optimized-scaled.jpg	001_optimized
https://michalsiboni.co.il/wp-content/uploads/2025/06/עמוד-6_optimized-scaled.jpg	עמוד-6_optimized
https://michalsiboni.co.il/wp-content/uploads/2025/06/צלילית-עם-נתנאל_optimized-scaled.jpg	צלילית-עם-נתנאל_optimized
https://michalsiboni.co.il/wp-content/uploads/2025/06/עמוד-4_optimized-scaled.jpg	עמוד-4_optimized
https://michalsiboni.co.il/wp-content/uploads/2025/06/dsc00004_optimized-scaled.jpg	dsc00004_optimized
https://michalsiboni.co.il/wp-content/uploads/2025/06/dsc02345_optimized-1-scaled.jpg	dsc02345_optimized
https://michalsiboni.co.il/wp-content/uploads/2025/06/dsc02353_optimized-scaled.jpg	dsc02353_optimized
https://michalsiboni.co.il/wp-content/uploads/2025/06/dsc02406_optimized-1-scaled.jpg	dsc02406_optimized
https://michalsiboni.co.il/wp-content/uploads/2025/06/dsc02419_optimized-1-scaled.jpg	dsc02419_optimized
https://michalsiboni.co.il/wp-content/uploads/2025/06/dsc02454_optimized-scaled.jpg	dsc02454_optimized
https://michalsiboni.co.il/wp-content/uploads/2025/06/dsc02456_optimized-1-scaled.jpg	dsc02456_optimized
https://michalsiboni.co.il/wp-content/uploads/2025/06/dsc02478_optimized-scaled.jpg	dsc02478_optimized
https://michalsiboni.co.il/wp-content/uploads/2025/06/dsc02498_optimized-1-scaled.jpg	dsc02498_optimized
https://michalsiboni.co.il/wp-content/uploads/2025/06/dsc02585_optimized-1-scaled.jpg	dsc02585_optimized
https://michalsiboni.co.il/wp-content/uploads/2025/06/dsc02597_optimized-1-scaled.jpg	dsc02597_optimized
https://michalsiboni.co.il/wp-content/uploads/2025/06/dsc02652_optimized-scaled.jpg	dsc02652_optimized
https://michalsiboni.co.il/wp-content/uploads/2025/06/dsc02699_optimized-scaled.jpg	dsc02699_optimized
https://michalsiboni.co.il/wp-content/uploads/2025/06/dsc02710_optimized-scaled.jpg	dsc02710_optimized
https://michalsiboni.co.il/wp-content/uploads/2025/06/dsc03128_optimized-1-scaled.jpg	dsc03128_optimized
https://michalsiboni.co.il/wp-content/uploads/2025/06/dsc03147_optimized-1-scaled.jpg	dsc03147_optimized
https://michalsiboni.co.il/wp-content/uploads/2025/06/dsc03228_optimized-1-scaled.jpg	dsc03228_optimized
https://michalsiboni.co.il/wp-content/uploads/2025/06/dsc03554_optimized-1-scaled.jpg	dsc03554_optimized
https://michalsiboni.co.il/wp-content/uploads/2025/06/dsc03632_optimized-1-scaled.jpg	dsc03632_optimized
https://michalsiboni.co.il/wp-content/uploads/2025/06/dsc03653_optimized-1-scaled.jpg	dsc03653_optimized
https://michalsiboni.co.il/wp-content/uploads/2025/06/dsc03786_optimized-1-scaled.jpg	dsc03786_optimized
https://michalsiboni.co.il/wp-content/uploads/2025/06/dsc05977_optimized-scaled.jpg	dsc05977_optimized
https://michalsiboni.co.il/wp-content/uploads/2025/06/dsc05998_optimized-scaled.jpg	dsc05998_optimized
https://michalsiboni.co.il/wp-content/uploads/2025/06/dsc06086_optimized-scaled.jpg	dsc06086_optimized
https://michalsiboni.co.il/wp-content/uploads/2025/06/dsc08355_optimized-scaled.jpg	dsc08355_optimized
https://michalsiboni.co.il/wp-content/uploads/2025/06/dsc08541_optimized-1-scaled.jpg	dsc08541_optimized
https://michalsiboni.co.il/wp-content/uploads/2025/06/dsc08673_optimized-scaled.jpg	dsc08673_optimized
https://michalsiboni.co.il/wp-content/uploads/2025/06/dsc09606_optimized-1-scaled.jpg	dsc09606_optimized
https://michalsiboni.co.il/wp-content/uploads/2025/06/dsc09757_optimized-2-scaled.jpg	dsc09757_optimized
https://michalsiboni.co.il/wp-content/uploads/2025/06/dsc09758_optimized-2-scaled.jpg	dsc09758_optimized
https://michalsiboni.co.il/wp-content/uploads/2025/06/dsc09773_optimized-1-scaled.jpg	dsc09773_optimized
https://michalsiboni.co.il/wp-content/uploads/2025/06/dsc09779_optimized-2-scaled.jpg	dsc09779_optimized
https://michalsiboni.co.il/wp-content/uploads/2025/06/dsc09798_optimized-1-scaled.jpg	dsc09798_optimized
https://michalsiboni.co.il/wp-content/uploads/2025/06/dsc09818_optimized-2-scaled.jpg	dsc09818_optimized
https://michalsiboni.co.il/wp-content/uploads/2025/06/dsc09825_optimized-1-scaled.jpg	dsc09825_optimized
https://michalsiboni.co.il/wp-content/uploads/2025/06/dsc09842_optimized-1-scaled.jpg	dsc09842_optimized
https://michalsiboni.co.il/wp-content/uploads/2025/06/dsc09903_optimized-scaled.jpg	dsc09903_optimized
https://michalsiboni.co.il/wp-content/uploads/2025/06/אוויר_optimized-scaled.jpg	אוויר_optimized
https://michalsiboni.co.il/wp-content/uploads/2025/06/מתו_optimized-scaled.jpg	מתו_optimized
https://michalsiboni.co.il/wp-content/uploads/2025/06/מתוקן_optimized-scaled.jpg	מתוקן_optimized
https://michalsiboni.co.il/wp-content/uploads/2025/06/קולאז-הדס-לייפסטייל_optimized-scaled.jpg	קולאז-הדס-לייפסטייל_optimized
https://michalsiboni.co.il/wp-content/uploads/2025/06/קולאז-שני-מיכל-רווח_optimized-scaled.jpg	קולאז-שני-מיכל-רווח_optimized
https://michalsiboni.co.il/wp-content/uploads/2025/06/תמו_optimized-scaled.jpg	תמו_optimized
https://michalsiboni.co.il/wp-content/uploads/2025/06/תמונה-ערסל_optimized-scaled.jpg	תמונה-ערסל_optimized
https://michalsiboni.co.il/wp-content/uploads/2025/06/dsc04728_optimized-1-scaled.jpg	dsc04728_optimized
https://michalsiboni.co.il/wp-content/uploads/2025/06/dsc04740_optimized-1-scaled.jpg	dsc04740_optimized
https://michalsiboni.co.il/wp-content/uploads/2025/06/dsc06434_optimized-scaled.jpg	dsc06434_optimized
https://michalsiboni.co.il/wp-content/uploads/2025/06/dsc06470_optimized-scaled.jpg	dsc06470_optimized
https://michalsiboni.co.il/wp-content/uploads/2025/06/dsc07818_optimized-1-scaled.jpg	dsc07818_optimized
https://michalsiboni.co.il/wp-content/uploads/2025/06/חמניות_optimized-scaled.jpg	חמניות_optimized
https://michalsiboni.co.il/wp-content/uploads/2025/06/עו_optimized-scaled.jpg	עו_optimized
https://michalsiboni.co.il/wp-content/uploads/2025/06/עם-הלוגו-שלי_optimized-1-scaled.jpg	עם-הלוגו-שלי_optimized
https://michalsiboni.co.il/wp-content/uploads/2025/06/עם-פרחים_optimized-scaled.jpg	עם-פרחים_optimized
https://michalsiboni.co.il/wp-content/uploads/2025/06/קולאז_optimized-scaled.jpg	קולאז_optimized
https://michalsiboni.co.il/wp-content/uploads/2025/06/dsc00686_optimized-scaled.jpg	dsc00686_optimized
https://michalsiboni.co.il/wp-content/uploads/2025/06/dsc00774_optimized-1-scaled.jpg	dsc00774_optimized
https://michalsiboni.co.il/wp-content/uploads/2025/06/dsc00925_optimized-scaled.jpg	dsc00925_optimized
https://michalsiboni.co.il/wp-content/uploads/2025/06/dsc01225_optimized-scaled.jpg	dsc01225_optimized
https://michalsiboni.co.il/wp-content/uploads/2025/06/dsc01970_optimized-scaled.jpg	dsc01970_optimized
https://michalsiboni.co.il/wp-content/uploads/2025/06/dsc01999_optimized-scaled.jpg	dsc01999_optimized
https://michalsiboni.co.il/wp-content/uploads/2025/06/dsc02009_optimized-scaled.jpg	dsc02009_optimized
https://michalsiboni.co.il/wp-content/uploads/2025/06/dsc04290_optimized-scaled.jpg	dsc04290_optimized
https://michalsiboni.co.il/wp-content/uploads/2025/06/dsc04402_optimized-scaled.jpg	dsc04402_optimized
https://michalsiboni.co.il/wp-content/uploads/2025/06/dsc04611_optimized-scaled.jpg	dsc04611_optimized
https://michalsiboni.co.il/wp-content/uploads/2025/06/dsc04619_optimized-scaled.jpg	dsc04619_optimized
https://michalsiboni.co.il/wp-content/uploads/2025/07/dsc02136_optimized-scaled.jpg	dsc02136_optimized
https://michalsiboni.co.il/wp-content/uploads/2025/07/Group-626219-1.png	Group 626219 (1)
https://michalsiboni.co.il/wp-content/uploads/2025/07/Group-626268.png	Group 626268
https://michalsiboni.co.il/wp-content/uploads/2025/07/Group-626226.png	Group 626226
https://michalsiboni.co.il/wp-content/uploads/2025/07/Intersect.png	Intersect
https://michalsiboni.co.il/wp-content/uploads/2025/08/Group-626269-2.png	Group 626269 (2)
https://michalsiboni.co.il/wp-content/uploads/2025/08/image.gif	image
https://michalsiboni.co.il/wp-content/uploads/2025/08/image-1.gif	image
https://michalsiboni.co.il/wp-content/uploads/2025/08/image-2.gif	image
https://michalsiboni.co.il/wp-content/uploads/2025/08/image-3.gif	image
https://michalsiboni.co.il/wp-content/uploads/2025/08/עם-לוגו_optimized-1-scaled.jpg	עם-לוגו_optimized (1)
https://michalsiboni.co.il/wp-content/uploads/2025/08/לוגו_optimized_optimized-scaled.jpg	לוגו_optimized_optimized
https://michalsiboni.co.il/wp-content/uploads/2025/08/תאומים-לוגו-scaled.jpg	תאומים לוגו
https://michalsiboni.co.il/wp-content/uploads/2025/08/תאומים-לוגו-1-scaled.jpg	תאומים לוגו
https://michalsiboni.co.il/wp-content/uploads/2025/06/Group-626270-1.png	Group 626270 (1)
https://michalsiboni.co.il/wp-content/uploads/2025/08/Group-626271.png	Group 626271
https://michalsiboni.co.il/wp-content/uploads/2025/08/dsc09333_optimized-scaled.jpg	dsc09333_optimized
https://michalsiboni.co.il/wp-content/uploads/2025/08/dsc03554_optimized-scaled.jpg	dsc03554_optimized
https://michalsiboni.co.il/wp-content/uploads/2025/08/בלילוגו_optimized-scaled.jpg	בלילוגו_optimized
https://michalsiboni.co.il/wp-content/uploads/2025/08/dsc08549_optimized-scaled.jpg	dsc08549_optimized
https://michalsiboni.co.il/wp-content/uploads/2025/08/dsc08628_optimized_optimized-scaled.png	dsc08628_optimized_optimized
https://michalsiboni.co.il/wp-content/uploads/2025/08/מטורפת_optimized-scaled.jpg	מטורפת_optimized
https://michalsiboni.co.il/wp-content/uploads/2025/08/לעלות_optimized_optimized-scaled.jpg	לעלות_optimized_optimized
https://michalsiboni.co.il/wp-content/uploads/2025/08/dsc02256_optimized-scaled.jpg	dsc02256_optimized
https://michalsiboni.co.il/wp-content/uploads/2025/08/dsc05692_optimized-scaled.jpg	dsc05692_optimized
https://michalsiboni.co.il/wp-content/uploads/2025/08/dsc05518_optimized-scaled.jpg	dsc05518_optimized
https://michalsiboni.co.il/wp-content/uploads/2025/08/dsc05693_optimized-scaled.jpg	dsc05693_optimized
https://michalsiboni.co.il/wp-content/uploads/2025/08/dsc05509_optimized-scaled.jpg	dsc05509_optimized
https://michalsiboni.co.il/wp-content/uploads/2025/08/מטושטש_optimized-1.jpg	מטושטש_optimized (1)
https://michalsiboni.co.il/wp-content/uploads/2025/08/dsc05653_optimized-scaled.jpg	dsc05653_optimized
https://michalsiboni.co.il/wp-content/uploads/2025/08/dsc05653_optimized-1-scaled.jpg	dsc05653_optimized
https://michalsiboni.co.il/wp-content/uploads/2025/08/dsc08591_optimized-scaled.jpg	dsc08591_optimized
https://michalsiboni.co.il/wp-content/uploads/2025/08/dsc08547_optimized-scaled.jpg	dsc08547_optimized
https://michalsiboni.co.il/wp-content/uploads/2025/08/dsc08455_optimized-scaled.jpg	dsc08455_optimized
https://michalsiboni.co.il/wp-content/uploads/2025/08/dsc08575_optimized-scaled.jpg	dsc08575_optimized
https://michalsiboni.co.il/wp-content/uploads/2025/08/dsc08520_optimized-scaled.jpg	dsc08520_optimized
https://michalsiboni.co.il/wp-content/uploads/2025/08/מטריף-scaled.jpg	מטריף
https://michalsiboni.co.il/wp-content/uploads/2025/08/dsc04591-copy_optimized-scaled.jpg	dsc04591---copy_optimized
https://michalsiboni.co.il/wp-content/uploads/2025/08/dsc04326_optimized-scaled.jpg	dsc04326_optimized
https://michalsiboni.co.il/wp-content/uploads/2025/08/dsc04552_optimized-scaled.jpg	dsc04552_optimized
https://michalsiboni.co.il/wp-content/uploads/2025/08/dsc04298_optimized-scaled.jpg	dsc04298_optimized
https://michalsiboni.co.il/wp-content/uploads/2025/08/dsc04579_optimized-scaled.jpg	dsc04579_optimized
https://michalsiboni.co.il/wp-content/uploads/2025/08/dsc04669_optimized-scaled.jpg	dsc04669_optimized
https://michalsiboni.co.il/wp-content/uploads/2025/08/dsc04605-copy_optimized-scaled.jpg	dsc04605---copy_optimized
https://michalsiboni.co.il/wp-content/uploads/2025/08/dsc04399_optimized-scaled.jpg	dsc04399_optimized
https://michalsiboni.co.il/wp-content/uploads/2025/08/dsc04419_optimized-scaled.jpg	dsc04419_optimized
https://michalsiboni.co.il/wp-content/uploads/2025/08/dsc04378_optimized-scaled.jpg	dsc04378_optimized
https://michalsiboni.co.il/wp-content/uploads/2025/08/dsc04395_optimized-scaled.jpg	dsc04395_optimized
https://michalsiboni.co.il/wp-content/uploads/2025/08/dsc04606_optimized-scaled.jpg	dsc04606_optimized
https://michalsiboni.co.il/wp-content/uploads/2025/08/dsc04614_optimized-scaled.jpg	dsc04614_optimized
https://michalsiboni.co.il/wp-content/uploads/2025/08/dsc09420-1_optimized-scaled.jpg	dsc09420-(1)_optimized
https://michalsiboni.co.il/wp-content/uploads/2025/08/כככ_optimized-scaled.jpg	כככ_optimized
https://michalsiboni.co.il/wp-content/uploads/2025/08/dsc06030-copy_optimized-scaled.jpg	dsc06030---copy_optimized
https://michalsiboni.co.il/wp-content/uploads/2025/08/dsc06053-copy_optimized-scaled.jpg	dsc06053---copy_optimized
https://michalsiboni.co.il/wp-content/uploads/2025/08/dsc05986-copy_optimized-scaled.jpg	dsc05986---copy_optimized
https://michalsiboni.co.il/wp-content/uploads/2025/08/עם-מים_optimized-scaled.jpg	עם-מים_optimized
https://michalsiboni.co.il/wp-content/uploads/2025/08/עם-מםי_optimized-scaled.jpg	עם-מםי_optimized
https://michalsiboni.co.il/wp-content/uploads/2025/08/עם-סוסים_optimized-scaled.jpg	עם-סוסים_optimized
https://michalsiboni.co.il/wp-content/uploads/2025/09/dsc07685_optimized-scaled.jpg	dsc07685_optimized
https://michalsiboni.co.il/wp-content/uploads/2025/09/dsc07688_optimized-scaled.jpg	dsc07688_optimized
https://michalsiboni.co.il/wp-content/uploads/2025/09/dsc07749_optimized-scaled.jpg	dsc07749_optimized
https://michalsiboni.co.il/wp-content/uploads/2025/09/dsc07792_optimized-scaled.jpg	dsc07792_optimized
https://michalsiboni.co.il/wp-content/uploads/2025/09/dsc07877_optimized-scaled.jpg	dsc07877_optimized
https://michalsiboni.co.il/wp-content/uploads/2025/09/חשוך-יותר_optimized-scaled.jpg	חשוך-יותר_optimized
https://michalsiboni.co.il/wp-content/uploads/2025/09/חתוך_optimized-scaled.jpg	חתוך_optimized
https://michalsiboni.co.il/wp-content/uploads/2025/09/dsc07219_optimized-scaled.jpg	dsc07219_optimized
https://michalsiboni.co.il/wp-content/uploads/2025/09/dsc07079_optimized-scaled.jpg	dsc07079_optimized
https://michalsiboni.co.il/wp-content/uploads/2025/09/יותר-צהוב_optimized-scaled.jpg	יותר-צהוב_optimized
https://michalsiboni.co.il/wp-content/uploads/2025/09/dsc00486_optimized-scaled.jpg	dsc00486_optimized
https://michalsiboni.co.il/wp-content/uploads/2025/09/dsc00126_optimized-scaled.jpg	dsc00126_optimized
https://michalsiboni.co.il/wp-content/uploads/2025/09/dsc00387_optimized-scaled.jpg	dsc00387_optimized
https://michalsiboni.co.il/wp-content/uploads/2025/09/dsc00276_optimized-scaled.jpg	dsc00276_optimized
https://michalsiboni.co.il/wp-content/uploads/2025/09/dsc07219_optimized-1-scaled.jpg	dsc07219_optimized
https://michalsiboni.co.il/wp-content/uploads/2025/09/dsc07079_optimized-1-scaled.jpg	dsc07079_optimized
https://michalsiboni.co.il/wp-content/uploads/2025/09/יותר-צהוב_optimized-1-scaled.jpg	יותר-צהוב_optimized
https://michalsiboni.co.il/wp-content/uploads/2025/09/dsc00486_optimized-1-scaled.jpg	dsc00486_optimized
https://michalsiboni.co.il/wp-content/uploads/2025/09/dsc00126_optimized-1-scaled.jpg	dsc00126_optimized
https://michalsiboni.co.il/wp-content/uploads/2025/09/dsc00387_optimized-1-scaled.jpg	dsc00387_optimized
https://michalsiboni.co.il/wp-content/uploads/2025/09/dsc00276_optimized-1-scaled.jpg	dsc00276_optimized
https://michalsiboni.co.il/wp-content/uploads/2025/09/dsc00126_optimized-2-scaled.jpg	dsc00126_optimized
https://michalsiboni.co.il/wp-content/uploads/2025/09/dsc00387_optimized-2-scaled.jpg	dsc00387_optimized
https://michalsiboni.co.il/wp-content/uploads/2025/09/dsc00276_optimized-2-scaled.jpg	dsc00276_optimized
https://michalsiboni.co.il/wp-content/uploads/2025/09/dsc07219_optimized-2-scaled.jpg	dsc07219_optimized
https://michalsiboni.co.il/wp-content/uploads/2025/09/dsc07079_optimized-2-scaled.jpg	dsc07079_optimized
https://michalsiboni.co.il/wp-content/uploads/2025/09/יותר-צהוב_optimized-2-scaled.jpg	יותר-צהוב_optimized
https://michalsiboni.co.il/wp-content/uploads/2025/09/dsc07877_optimized-1-scaled.jpg	dsc07877_optimized
https://michalsiboni.co.il/wp-content/uploads/2025/09/dsc07688_optimized-1-scaled.jpg	dsc07688_optimized
https://michalsiboni.co.il/wp-content/uploads/2025/12/dsc06574_optimized-scaled.jpg	dsc06574_optimized
https://michalsiboni.co.il/wp-content/uploads/2025/12/dsc06584_optimized-scaled.jpg	dsc06584_optimized
https://michalsiboni.co.il/wp-content/uploads/2025/12/עם-ל_optimized-scaled.jpg	עם-ל_optimized
https://michalsiboni.co.il/wp-content/uploads/2025/12/dsc00566_optimized.jpg	dsc00566_optimized
https://michalsiboni.co.il/wp-content/uploads/2025/12/dsc00564_optimized-scaled.jpg	dsc00564_optimized
https://michalsiboni.co.il/wp-content/uploads/2025/12/dsc00596_optimized-scaled.jpg	dsc00596_optimized
https://michalsiboni.co.il/wp-content/uploads/2025/12/dsc00602_optimized-scaled.jpg	dsc00602_optimized
https://michalsiboni.co.il/wp-content/uploads/2025/12/dsc07965_optimized-scaled.jpg	dsc07965_optimized
https://michalsiboni.co.il/wp-content/uploads/2025/12/dsc08094_optimized-scaled.jpg	dsc08094_optimized
https://michalsiboni.co.il/wp-content/uploads/2025/12/dsc08198_optimized-scaled.jpg	dsc08198_optimized
https://michalsiboni.co.il/wp-content/uploads/2025/12/dsc08086_optimized-scaled.jpg	dsc08086_optimized
https://michalsiboni.co.il/wp-content/uploads/2025/12/dsc08174_optimized-scaled.jpg	dsc08174_optimized
https://michalsiboni.co.il/wp-content/uploads/2025/12/dsc08100_optimized-scaled.jpg	dsc08100_optimized
https://michalsiboni.co.il/wp-content/uploads/2025/12/dsc08032_optimized-scaled.jpg	dsc08032_optimized
https://michalsiboni.co.il/wp-content/uploads/2025/12/dsc08017_optimized-scaled.jpg	dsc08017_optimized
https://michalsiboni.co.il/wp-content/uploads/2025/12/dsc08042_optimized-scaled.jpg	dsc08042_optimized
https://michalsiboni.co.il/wp-content/uploads/2025/12/dsc08005_optimized-scaled.jpg	dsc08005_optimized
https://michalsiboni.co.il/wp-content/uploads/2025/12/dsc08112_optimized-scaled.jpg	dsc08112_optimized
https://michalsiboni.co.il/wp-content/uploads/2026/01/dsc08385_optimized-scaled.jpg	dsc08385_optimized
https://michalsiboni.co.il/wp-content/uploads/2026/01/dsc08435_optimized-scaled.jpg	dsc08435_optimized
https://michalsiboni.co.il/wp-content/uploads/2026/01/dsc08597_optimized-scaled.jpg	dsc08597_optimized
https://michalsiboni.co.il/wp-content/uploads/2026/01/dsc08623_optimized-scaled.jpg	dsc08623_optimized
https://michalsiboni.co.il/wp-content/uploads/2026/01/dsc08718_optimized-scaled.jpg	dsc08718_optimized
https://michalsiboni.co.il/wp-content/uploads/2026/01/dsc08130_optimized-scaled.jpg	dsc08130_optimized
https://michalsiboni.co.il/wp-content/uploads/2026/01/אראר_optimized-scaled.jpg	אראר_optimized
https://michalsiboni.co.il/wp-content/uploads/2026/02/מוקטניק.jpg	מוקטניק
https://michalsiboni.co.il/wp-content/uploads/2026/02/נוסף-מוק.jpg	נוסף מוק
https://michalsiboni.co.il/wp-content/uploads/2026/02/ניו-מוקטן.jpg	ניו מוקטן
https://michalsiboni.co.il/wp-content/uploads/2026/02/כגדכגדכגכגכ.jpg	כגדכגדכגכגכ
https://michalsiboni.co.il/wp-content/uploads/2026/02/כדגגכדגכ.jpg	כדגגכדגכ
https://michalsiboni.co.il/wp-content/uploads/2026/02/כרקכרדכ.jpg	כרקכרדכ
https://michalsiboni.co.il/wp-content/uploads/2026/02/כרקרכקכ.jpg	כרקרכקכ
https://michalsiboni.co.il/wp-content/uploads/2026/02/3ץ4ר3ץר.jpg	3ץ4ר3ץר
https://michalsiboni.co.il/wp-content/uploads/2026/02/3333.jpg	3333
https://michalsiboni.co.il/wp-content/uploads/2026/02/Group-626272.webp	Group 626272
https://michalsiboni.co.il/wp-content/uploads/2026/02/תמונה-פינת-אמא-scaled.webp	תמונה פינת אמא
https://michalsiboni.co.il/wp-content/uploads/2026/02/תמונה3-scaled.webp	תמונה3
https://michalsiboni.co.il/wp-content/uploads/2026/02/תמונה2-scaled.webp	תמונה2
https://michalsiboni.co.il/wp-content/uploads/2026/05/dsc07948_optimized-scaled.webp	dsc07948_optimized
https://michalsiboni.co.il/wp-content/uploads/2026/05/dsc07958_optimized-scaled.webp	dsc07958_optimized
https://michalsiboni.co.il/wp-content/uploads/2026/05/dsc07960_optimized-scaled.webp	dsc07960_optimized
https://michalsiboni.co.il/wp-content/uploads/2026/05/dsc07980_optimized-scaled.webp	dsc07980_optimized
https://michalsiboni.co.il/wp-content/uploads/2026/05/dsc07998_optimized-scaled.webp	dsc07998_optimized
https://michalsiboni.co.il/wp-content/uploads/2026/05/dsc08001_optimized-scaled.webp	dsc08001_optimized
https://michalsiboni.co.il/wp-content/uploads/2026/05/ללא-שם_optimized-scaled.webp	ללא-שם_optimized
https://michalsiboni.co.il/wp-content/uploads/2026/06/dsc05002_optimized-scaled.webp	dsc05002_optimized
https://michalsiboni.co.il/wp-content/uploads/2026/06/dsc05035_optimized-scaled.webp	dsc05035_optimized
https://michalsiboni.co.il/wp-content/uploads/2026/06/dsc05147_optimized-scaled.webp	dsc05147_optimized
https://michalsiboni.co.il/wp-content/uploads/2026/06/dsc05153_optimized-scaled.webp	dsc05153_optimized
https://michalsiboni.co.il/wp-content/uploads/2026/06/dsc05185_optimized-scaled.webp	dsc05185_optimized
https://michalsiboni.co.il/wp-content/uploads/2026/06/dsc05196_optimized-scaled.webp	dsc05196_optimized
https://michalsiboni.co.il/wp-content/uploads/2026/06/dsc05277_optimized-scaled.webp	dsc05277_optimized
https://michalsiboni.co.il/wp-content/uploads/2026/06/dsc05280_optimized-scaled.webp	dsc05280_optimized
https://michalsiboni.co.il/wp-content/uploads/2026/06/dsc05326_optimized-scaled.jpg	dsc05326_optimized
https://michalsiboni.co.il/wp-content/uploads/2026/06/dsc05541_optimized-scaled.webp	dsc05541_optimized
https://michalsiboni.co.il/wp-content/uploads/2026/06/dsc05603_optimized-scaled.webp	dsc05603_optimized
https://michalsiboni.co.il/wp-content/uploads/2026/06/dsc05632_optimized-scaled.webp	dsc05632_optimized
https://michalsiboni.co.il/wp-content/uploads/2026/06/dsc05634_optimized-scaled.webp	dsc05634_optimized
https://michalsiboni.co.il/wp-content/uploads/2026/06/dsc05693_optimized-scaled.webp	dsc05693_optimized
https://michalsiboni.co.il/wp-content/uploads/2026/06/dsc05700_optimized-scaled.webp	dsc05700_optimized
https://michalsiboni.co.il/wp-content/uploads/2026/06/dsc05794_optimized-scaled.webp	dsc05794_optimized
https://michalsiboni.co.il/wp-content/uploads/2026/06/dsc05857_optimized-scaled.webp	dsc05857_optimized
https://michalsiboni.co.il/wp-content/uploads/2026/06/dsc06004_optimized-scaled.webp	dsc06004_optimized
https://michalsiboni.co.il/wp-content/uploads/2026/06/dsc04845_optimized-scaled.webp	dsc04845_optimized
https://michalsiboni.co.il/wp-content/uploads/2026/06/dsc04896_optimized-scaled.jpg	dsc04896_optimized
https://michalsiboni.co.il/wp-content/uploads/2026/06/dsc04948_optimized-scaled.webp	dsc04948_optimized
https://michalsiboni.co.il/wp-content/uploads/2026/06/dsc05002_optimized-1-scaled.jpg	dsc05002_optimized
https://michalsiboni.co.il/wp-content/uploads/2026/06/dsc05035_optimized-1-scaled.jpg	dsc05035_optimized
https://michalsiboni.co.il/wp-content/uploads/2026/06/dsc05147_optimized-1-scaled.webp	dsc05147_optimized
https://michalsiboni.co.il/wp-content/uploads/2026/06/dsc05153_optimized-1-scaled.webp	dsc05153_optimized
https://michalsiboni.co.il/wp-content/uploads/2026/06/dsc05196_optimized-1-scaled.webp	dsc05196_optimized
https://michalsiboni.co.il/wp-content/uploads/2026/06/dsc05277_optimized-1-scaled.webp	dsc05277_optimized
https://michalsiboni.co.il/wp-content/uploads/2026/06/dsc05280_optimized-1-scaled.webp	dsc05280_optimized
https://michalsiboni.co.il/wp-content/uploads/2026/06/dsc05326_optimized-1-scaled.webp	dsc05326_optimized
https://michalsiboni.co.il/wp-content/uploads/2026/06/dsc05541_optimized-1-scaled.webp	dsc05541_optimized
https://michalsiboni.co.il/wp-content/uploads/2026/06/dsc05603_optimized-1-scaled.jpg	dsc05603_optimized
https://michalsiboni.co.il/wp-content/uploads/2026/06/dsc05632_optimized-1-scaled.webp	dsc05632_optimized
https://michalsiboni.co.il/wp-content/uploads/2026/06/dsc05634_optimized-1-scaled.webp	dsc05634_optimized
https://michalsiboni.co.il/wp-content/uploads/2026/06/dsc05693_optimized-1-scaled.jpg	dsc05693_optimized
https://michalsiboni.co.il/wp-content/uploads/2026/06/dsc05700_optimized-1-scaled.webp	dsc05700_optimized
https://michalsiboni.co.il/wp-content/uploads/2026/06/dsc05794_optimized-1-scaled.webp	dsc05794_optimized
https://michalsiboni.co.il/wp-content/uploads/2026/06/dsc05857_optimized-1-scaled.webp	dsc05857_optimized
https://michalsiboni.co.il/wp-content/uploads/2026/06/dsc06004_optimized-1-scaled.webp	dsc06004_optimized
https://michalsiboni.co.il/wp-content/uploads/2026/06/dsc05196_optimized-2-scaled.webp	dsc05196_optimized
https://michalsiboni.co.il/wp-content/uploads/2026/06/dsc05632_optimized-2-scaled.webp	dsc05632_optimized
https://michalsiboni.co.il/wp-content/uploads/2026/06/dsc07958_optimized-scaled.webp	dsc07958_optimized
https://michalsiboni.co.il/wp-content/uploads/2026/06/dsc07980_optimized-scaled.webp	dsc07980_optimized
https://michalsiboni.co.il/wp-content/uploads/2026/06/dsc00269_optimized-scaled.webp	dsc00269_optimized
https://michalsiboni.co.il/wp-content/uploads/2026/06/dsc07907_optimized-scaled.webp	dsc07907_optimized
https://michalsiboni.co.il/wp-content/uploads/2026/06/dsc09690_optimized-scaled.webp	dsc09690_optimized
https://michalsiboni.co.il/wp-content/uploads/2026/06/dsc00236_optimized-scaled.webp	dsc00236_optimized
https://michalsiboni.co.il/wp-content/uploads/2026/06/dsc00269_optimized-1-scaled.jpg	dsc00269_optimized
https://michalsiboni.co.il/wp-content/uploads/2026/06/dsc00379_optimized-scaled.webp	dsc00379_optimized
https://michalsiboni.co.il/wp-content/uploads/2026/06/dsc07159_optimized-scaled.webp	dsc07159_optimized
https://michalsiboni.co.il/wp-content/uploads/2026/06/dsc07507_optimized-scaled.webp	dsc07507_optimized
https://michalsiboni.co.il/wp-content/uploads/2026/06/dsc07512_optimized-scaled.webp	dsc07512_optimized
https://michalsiboni.co.il/wp-content/uploads/2026/06/dsc07513_optimized-scaled.webp	dsc07513_optimized
https://michalsiboni.co.il/wp-content/uploads/2025/05/TelAviv-BrutalistBold.ttf	TelAviv-BrutalistBold
https://michalsiboni.co.il/wp-content/uploads/2026/06/dsc07521_optimized-scaled.webp	dsc07521_optimized
https://michalsiboni.co.il/wp-content/uploads/2026/06/dsc07528_optimized-scaled.jpg	dsc07528_optimized
https://michalsiboni.co.il/wp-content/uploads/2026/06/dsc07531_optimized-scaled.webp	dsc07531_optimized
https://michalsiboni.co.il/wp-content/uploads/2026/06/dsc07540_optimized-scaled.webp	dsc07540_optimized
https://michalsiboni.co.il/wp-content/uploads/2026/06/dsc07541_optimized-scaled.webp	dsc07541_optimized
https://michalsiboni.co.il/wp-content/uploads/2026/06/dsc07542_optimized-scaled.webp	dsc07542_optimized
https://michalsiboni.co.il/wp-content/uploads/2026/06/dsc07567_optimized-scaled.webp	dsc07567_optimized
https://michalsiboni.co.il/wp-content/uploads/2026/06/dsc07907_optimized-1-scaled.webp	dsc07907_optimized
https://michalsiboni.co.il/wp-content/uploads/2026/06/dsc07909_optimized-scaled.webp	dsc07909_optimized
https://michalsiboni.co.il/wp-content/uploads/2026/06/dsc07919_optimized-scaled.webp	dsc07919_optimized
https://michalsiboni.co.il/wp-content/uploads/2026/06/dsc08651_optimized-scaled.webp	dsc08651_optimized
https://michalsiboni.co.il/wp-content/uploads/2026/06/dsc09194_optimized-scaled.webp	dsc09194_optimized
https://michalsiboni.co.il/wp-content/uploads/2026/06/dsc09296_optimized-scaled.webp	dsc09296_optimized
https://michalsiboni.co.il/wp-content/uploads/2026/06/dsc09687_optimized-scaled.webp	dsc09687_optimized
https://michalsiboni.co.il/wp-content/uploads/2026/06/dsc09690_optimized-1-scaled.webp	dsc09690_optimized
https://michalsiboni.co.il/wp-content/uploads/2026/06/dsc09696_optimized-scaled.jpg	dsc09696_optimized
https://michalsiboni.co.il/wp-content/uploads/2026/06/dsc09697_optimized-scaled.webp	dsc09697_optimized
https://michalsiboni.co.il/wp-content/uploads/2026/06/dsc09764_optimized-scaled.webp	dsc09764_optimized
https://michalsiboni.co.il/wp-content/uploads/2026/06/dsc09827_optimized-scaled.jpg	dsc09827_optimized
https://michalsiboni.co.il/wp-content/uploads/2025/05/TelAviv-BrutalistLight.ttf	TelAviv-BrutalistLight
https://michalsiboni.co.il/wp-content/uploads/2025/05/TelAviv-BrutalistRegular.ttf	TelAviv-BrutalistRegular
https://michalsiboni.co.il/wp-content/uploads/2025/05/Frame-6.svg	Frame 6
https://michalsiboni.co.il/wp-content/uploads/2025/06/Frame-5-3.svg	Frame 5 (3)
https://michalsiboni.co.il/wp-content/uploads/2025/06/קטלוג-2025.pdf	קטלוג 2025
https://michalsiboni.co.il/wp-content/uploads/2025/06/1_optimized-scaled.jpg	1_optimized
https://michalsiboni.co.il/wp-content/uploads/2025/06/2_optimized-scaled.jpg	2_optimized
https://michalsiboni.co.il/wp-content/uploads/2025/06/dsc00523_optimized-scaled.jpg	dsc00523_optimized
https://michalsiboni.co.il/wp-content/uploads/2025/06/dsc02399_optimized-scaled.jpg	dsc02399_optimized
https://michalsiboni.co.il/wp-content/uploads/2025/06/dsc02416_optimized-1-scaled.jpg	dsc02416_optimized
https://michalsiboni.co.il/wp-content/uploads/2025/06/dsc02503_optimized-2-scaled.jpg	dsc02503_optimized
https://michalsiboni.co.il/wp-content/uploads/2025/06/dsc02566_optimized-1-scaled.jpg	dsc02566_optimized
https://michalsiboni.co.il/wp-content/uploads/2025/06/לבלוג_optimized-scaled.jpg	לבלוג_optimized
https://michalsiboni.co.il/wp-content/uploads/2025/06/עם-הלוגו-שלי_optimized-scaled.jpg	עם-הלוגו-שלי_optimized
https://michalsiboni.co.il/wp-content/uploads/2025/05/2-1.png	2 (1)
https://michalsiboni.co.il/wp-content/uploads/2025/08/Group-626257.png	Group 626257
https://michalsiboni.co.il/wp-content/uploads/2025/08/Group-626250.png	Group 626250
https://michalsiboni.co.il/wp-content/uploads/2025/08/Group-626255.png	Group 626255
https://michalsiboni.co.il/wp-content/uploads/2025/08/Group-626252.png	Group 626252
https://michalsiboni.co.il/wp-content/uploads/2025/08/מטורפת-scaled.jpg	מטורפת
https://michalsiboni.co.il/wp-content/uploads/2025/05/תמונת-רקע-לפוטר-1.png	תמונת רקע לפוטר
https://michalsiboni.co.il/wp-content/uploads/2025/05/תמונת-רקע-לפוטר-1-1.png	תמונת רקע לפוטר (1)
https://michalsiboni.co.il/wp-content/uploads/2025/05/תמונת-רקע-לפוטר-2.png	תמונת רקע לפוטר (2)
https://michalsiboni.co.il/wp-content/uploads/2025/08/DSC06466-scaled.jpg	DSC06466
https://michalsiboni.co.il/wp-content/uploads/2025/08/DSC06502-1-scaled.jpg	DSC06502 (1)
https://michalsiboni.co.il/wp-content/uploads/2025/08/מואר-יותר-scaled.jpg	מואר יותר
https://michalsiboni.co.il/wp-content/uploads/2026/02/קטלוג-מוקטן-2026.pdf	קטלוג מוקטן 2026
https://michalsiboni.co.il/wp-content/uploads/2026/02/Group-626272-1.webp	Group 626272
https://michalsiboni.co.il/wp-content/uploads/2026/02/Group-626273.webp	Group 626273
https://michalsiboni.co.il/wp-content/uploads/2026/02/Group-626272.png	Group 626272
https://michalsiboni.co.il/wp-content/uploads/2026/02/Group-626273.png	Group 626273
